{"Warrior 1": {"NOSE": [0.5102542042732239, 0.2572145462036133, 0.06390039622783661], "LEFT_EYE_INNER": [0.5181373357772827, 0.23940452933311462, 0.049100637435913086], "LEFT_EYE": [0.5209265947341919, 0.23793350160121918, 0.04904639720916748], "LEFT_EYE_OUTER": [0.5237492918968201, 0.2365952432155609, 0.04902345687150955], "RIGHT_EYE_INNER": [0.51470947265625, 0.2417064607143402, 0.08885564655065536], "RIGHT_EYE": [0.5150237083435059, 0.24173182249069214, 0.0888606458902359], "RIGHT_EYE_OUTER": [0.5155544281005859, 0.24171298742294312, 0.08881037682294846], "LEFT_EAR": [0.5393846035003662, 0.23832975327968597, 0.0184498094022274], "RIGHT_EAR": [0.525587260723114, 0.2428351789712906, 0.20369693636894226], "MOUTH_LEFT": [0.5185335874557495, 0.266192227602005, 0.05640396475791931], "MOUTH_RIGHT": [0.5143387317657471, 0.2678428590297699, 0.10950305312871933], "LEFT_SHOULDER": [0.5740790963172913, 0.2790435552597046, -0.08710651099681854], "RIGHT_SHOULDER": [0.5243161916732788, 0.31165388226509094, 0.28989019989967346], "LEFT_ELBOW": [0.5213596820831299, 0.2139868140220642, -0.2796211242675781], "RIGHT_ELBOW": [0.46999722719192505, 0.31147944927215576, 0.33612704277038574], "LEFT_WRIST": [0.4566921591758728, 0.14110344648361206, -0.2723024785518646], "RIGHT_WRIST": [0.46957626938819885, 0.26097023487091064, 0.25738418102264404], "LEFT_PINKY": [0.4373697340488434, 0.11579778790473938, -0.31059393286705017], "RIGHT_PINKY": [0.4705371856689453, 0.2519921362400055, 0.23913316428661346], "LEFT_INDEX": [0.4364914298057556, 0.11140593886375427, -0.29648616909980774], "RIGHT_INDEX": [0.47792142629623413, 0.24378427863121033, 0.2269800901412964], "LEFT_THUMB": [0.4418397843837738, 0.123321533203125, -0.2668285667896271], "RIGHT_THUMB": [0.4773271679878235, 0.2465941309928894, 0.2458765059709549], "LEFT_HIP": [0.5414604544639587, 0.515390932559967, -0.11203000694513321], "RIGHT_HIP": [0.49855223298072815, 0.5211982727050781, 0.11199240386486053], "LEFT_KNEE": [0.560299277305603, 0.6915465593338013, -0.19270099699497223], "RIGHT_KNEE": [0.4389275908470154, 0.6744646430015564, 0.04299880564212799], "LEFT_ANKLE": [0.6280482411384583, 0.8527759313583374, -0.17413362860679626], "RIGHT_ANKLE": [0.4020494818687439, 0.8595929741859436, 0.03375540301203728], "LEFT_HEEL": [0.656991720199585, 0.877631425857544, -0.17771433293819427], "RIGHT_HEEL": [0.4155331254005432, 0.8988955616950989, 0.02572481706738472], "LEFT_FOOT_INDEX": [0.5807780623435974, 0.8934905529022217, -0.32240670919418335], "RIGHT_FOOT_INDEX": [0.3350690007209778, 0.895055890083313, -0.0851219967007637]}, "Warrior 2": {"NOSE": [0.4983341097831726, 0.2252790778875351, -0.6017795205116272], "LEFT_EYE_INNER": [0.5043994784355164, 0.21151702105998993, -0.5823490619659424], "LEFT_EYE": [0.5076639652252197, 0.21112921833992004, -0.5823456048965454], "LEFT_EYE_OUTER": [0.5108016729354858, 0.21080435812473297, -0.5825363397598267], "RIGHT_EYE_INNER": [0.4935886859893799, 0.21222250163555145, -0.5851927995681763], "RIGHT_EYE": [0.48951706290245056, 0.2124052345752716, -0.5853000283241272], "RIGHT_EYE_OUTER": [0.48563018441200256, 0.2126050740480423, -0.5852276682853699], "LEFT_EAR": [0.5139607191085815, 0.2148761749267578, -0.42385053634643555], "RIGHT_EAR": [0.48224106431007385, 0.21490171551704407, -0.43791723251342773], "MOUTH_LEFT": [0.50349360704422, 0.23849934339523315, -0.539428174495697], "MOUTH_RIGHT": [0.4908848702907562, 0.2396245002746582, -0.5433425307273865], "LEFT_SHOULDER": [0.5582311749458313, 0.2886330783367157, -0.28395429253578186], "RIGHT_SHOULDER": [0.43579918146133423, 0.28855445981025696, -0.3074037432670593], "LEFT_ELBOW": [0.6292579770088196, 0.3068493902683258, -0.2792127728462219], "RIGHT_ELBOW": [0.3517375886440277, 0.29826274514198303, -0.30398353934288025], "LEFT_WRIST": [0.7107699513435364, 0.3040069341659546, -0.4060211777687073], "RIGHT_WRIST": [0.26006147265434265, 0.28646883368492126, -0.44992074370384216], "LEFT_PINKY": [0.7358640432357788, 0.30440521240234375, -0.4413350522518158], "RIGHT_PINKY": [0.22925224900245667, 0.2829478979110718, -0.485269159078598], "LEFT_INDEX": [0.7388795614242554, 0.2993626296520233, -0.4942348897457123], "RIGHT_INDEX": [0.22780469059944153, 0.2794445753097534, -0.5365098714828491], "LEFT_THUMB": [0.729918360710144, 0.2999551594257355, -0.435360848903656], "RIGHT_THUMB": [0.2368352860212326, 0.2813536524772644, -0.47784942388534546], "LEFT_HIP": [0.528695285320282, 0.5117795467376709, 0.002294976031407714], "RIGHT_HIP": [0.4625977873802185, 0.5132904648780823, -0.002234723651781678], "LEFT_KNEE": [0.5587433576583862, 0.6908384561538696, -0.03890012204647064], "RIGHT_KNEE": [0.4261133074760437, 0.6792343854904175, -0.09323929250240326], "LEFT_ANKLE": [0.5801340341567993, 0.860801100730896, 0.11036615073680878], "RIGHT_ANKLE": [0.39671027660369873, 0.8628536462783813, 0.0009430086356587708], "LEFT_HEEL": [0.5698967576026917, 0.8877209424972534, 0.1133306622505188], "RIGHT_HEEL": [0.4066288471221924, 0.8961973786354065, -0.0019940738566219807], "LEFT_FOOT_INDEX": [0.5965503454208374, 0.9009901881217957, -0.05843310430645943], "RIGHT_FOOT_INDEX": [0.365973562002182, 0.9060683846473694, -0.18831342458724976]}, "Star": {"NOSE": [0.4953778386116028, 0.2321632355451584, -0.7046645283699036], "LEFT_EYE_INNER": [0.5013200640678406, 0.21730025112628937, -0.6858745813369751], "LEFT_EYE": [0.5052320957183838, 0.21670113503932953, -0.6858173608779907], "LEFT_EYE_OUTER": [0.5090808272361755, 0.2161722183227539, -0.6859898567199707], "RIGHT_EYE_INNER": [0.489584356546402, 0.21847857534885406, -0.6857703328132629], "RIGHT_EYE": [0.48569998145103455, 0.2187585085630417, -0.6859380602836609], "RIGHT_EYE_OUTER": [0.48178210854530334, 0.21900920569896698, -0.6859096884727478], "LEFT_EAR": [0.513842761516571, 0.21964874863624573, -0.5239925980567932], "RIGHT_EAR": [0.4778941571712494, 0.2212684154510498, -0.522408127784729], "MOUTH_LEFT": [0.5019298791885376, 0.24425800144672394, -0.6398021578788757], "MOUTH_RIGHT": [0.4895075261592865, 0.24506354331970215, -0.6395260691642761], "LEFT_SHOULDER": [0.5572287440299988, 0.2904881536960602, -0.3674805164337158], "RIGHT_SHOULDER": [0.43940454721450806, 0.28897950053215027, -0.4046100974082947], "LEFT_ELBOW": [0.6335006356239319, 0.2831983268260956, -0.3516859710216522], "RIGHT_ELBOW": [0.36290472745895386, 0.23400261998176575, -0.4399460256099701], "LEFT_WRIST": [0.6955147385597229, 0.22289259731769562, -0.43456602096557617], "RIGHT_WRIST": [0.29788556694984436, 0.15447957813739777, -0.5763203501701355], "LEFT_PINKY": [0.7148159742355347, 0.21418888866901398, -0.46581119298934937], "RIGHT_PINKY": [0.2754877209663391, 0.12847717106342316, -0.6226503252983093], "LEFT_INDEX": [0.7156757712364197, 0.19526590406894684, -0.5063768625259399], "RIGHT_INDEX": [0.2762371599674225, 0.11777884513139725, -0.6568701863288879], "LEFT_THUMB": [0.7084454298019409, 0.19523991644382477, -0.4592316150665283], "RIGHT_THUMB": [0.2840821146965027, 0.1277979463338852, -0.5985844135284424], "LEFT_HIP": [0.5295851826667786, 0.5138528347015381, 0.004859018139541149], "RIGHT_HIP": [0.46672558784484863, 0.5135831832885742, -0.004958771634846926], "LEFT_KNEE": [0.5694302916526794, 0.6911967396736145, -0.02817371115088463], "RIGHT_KNEE": [0.42649880051612854, 0.6811966300010681, -0.06394841521978378], "LEFT_ANKLE": [0.5945576429367065, 0.865913450717926, 0.12841960787773132], "RIGHT_ANKLE": [0.3862939476966858, 0.8623781800270081, 0.06786046922206879], "LEFT_HEEL": [0.6012542247772217, 0.8909134268760681, 0.1331344097852707], "RIGHT_HEEL": [0.3929329216480255, 0.8911537528038025, 0.07140454649925232], "LEFT_FOOT_INDEX": [0.6568247675895691, 0.9011403322219849, -0.042328473180532455], "RIGHT_FOOT_INDEX": [0.3583417534828186, 0.9015915393829346, -0.18621155619621277]}, "Goddess": {"NOSE": [0.49652352929115295, 0.23596946895122528, -0.4010900557041168], "LEFT_EYE_INNER": [0.5033805966377258, 0.22327904403209686, -0.3776823580265045],