{"Warrior 1": {"NOSE": [0.5015628337860107, 0.7734822630882263, -1.223657250404358], "LEFT_EYE_INNER": [0.5194515585899353, 0.7340064644813538, -1.1431907415390015], "LEFT_EYE": [0.5329474806785583, 0.7364408373832703, -1.1426403522491455], "LEFT_EYE_OUTER": [0.5463654398918152, 0.7397143244743347, -1.142151951789856], "RIGHT_EYE_INNER": [0.48044294118881226, 0.7349355220794678, -1.1563589572906494], "RIGHT_EYE": [0.46675604581832886, 0.7372990250587463, -1.1563395261764526], "RIGHT_EYE_OUTER": [0.4534197449684143, 0.7393127083778381, -1.1565338373184204], "LEFT_EAR": [0.5591060519218445, 0.7749776840209961, -0.7016161680221558], "RIGHT_EAR": [0.4344542622566223, 0.7688064575195312, -0.7501329779624939], "MOUTH_LEFT": [0.5247451066970825, 0.8371191620826721, -1.049597144126892], "MOUTH_RIGHT": [0.4789816439151764, 0.8365347385406494, -1.06524658203125], "LEFT_SHOULDER": [0.6788283586502075, 0.9455389380455017, -0.6088825464248657], "RIGHT_SHOULDER": [0.3166505694389343, 0.9348152875900269, -0.7356665134429932], "LEFT_ELBOW": [0.6983006596565247, 0.5540391206741333, -1.0315120220184326], "RIGHT_ELBOW": [0.32308730483055115, 0.566540539264679, -1.1297931671142578], "LEFT_WRIST": [0.5666675567626953, 0.13198217749595642, -1.1729730367660522], "RIGHT_WRIST": [0.4306391775608063, 0.13308748602867126, -1.1921608448028564], "LEFT_PINKY": [0.5503823161125183, 0.06725330650806427, -1.3005245923995972], "RIGHT_PINKY": [0.4335377812385559, 0.06688860058784485, -1.3312170505523682], "LEFT_INDEX": [0.532970666885376, 0.07357385009527206, -1.2669379711151123], "RIGHT_INDEX": [0.4403643012046814, 0.06327620893716812, -1.2655755281448364], "LEFT_THUMB": [0.5331373810768127, 0.10460223257541656, -1.1874592304229736], "RIGHT_THUMB": [0.4476296007633209, 0.09522227197885513, -1.1917024850845337], "LEFT_HIP": [0.6287233829498291, 1.7340335845947266, -0.0319560281932354], "RIGHT_HIP": [0.3870448172092438, 1.7590643167495728, 0.03590364009141922], "LEFT_KNEE": [0.6575102806091309, 2.1702895164489746, -0.44404083490371704], "RIGHT_KNEE": [0.3283114731311798, 2.197035551071167, -0.2712845206260681], "LEFT_ANKLE": [0.6312545537948608, 2.6449241638183594, -0.01053287461400032], "RIGHT_ANKLE": [0.41839084029197693, 2.659144163131714, -0.1709880232810974], "LEFT_HEEL": [0.61585932970047, 2.7195188999176025, 0.008578179404139519], "RIGHT_HEEL": [0.42614755034446716, 2.7304749488830566, -0.18326044082641602], "LEFT_FOOT_INDEX": [0.6134718656539917, 2.783721446990967, -0.554207444190979], "RIGHT_FOOT_INDEX": [0.4523778557777405, 2.7575297355651855, -0.7164056897163391]}, "Warrior 2": {"NOSE": [0.47441738843917847, 0.5545092821121216, -1.1436203718185425], "LEFT_EYE_INNER": [0.5043320655822754, 0.5075781941413879, -1.0584615468978882], "LEFT_EYE": [0.5222373604774475, 0.5096430778503418, -1.0587670803070068], "LEFT_EYE_OUTER": [0.5378511548042297, 0.5115473866462708, -1.0591096878051758], "RIGHT_EYE_INNER": [0.4533518850803375, 0.5047599673271179, -1.0656278133392334], "RIGHT_EYE": [0.4381788671016693, 0.5052083730697632, -1.0653188228607178], "RIGHT_EYE_OUTER": [0.42115551233291626, 0.5065925717353821, -1.0659430027008057], "LEFT_EAR": [0.5560970902442932, 0.5344603061676025, -0.5976415872573853], "RIGHT_EAR": [0.40574902296066284, 0.5322194695472717, -0.615092933177948], "MOUTH_LEFT": [0.506222665309906, 0.6226024031639099, -0.9798851013183594], "MOUTH_RIGHT": [0.4421660900115967, 0.6202099323272705, -0.985331654548645], "LEFT_SHOULDER": [0.7019920349121094, 0.8258623480796814, -0.3615133762359619], "RIGHT_SHOULDER": [0.2549861967563629, 0.8256505727767944, -0.4344364106655121], "LEFT_ELBOW": [0.9431353807449341, 0.850423276424408, -0.3301861882209778], "RIGHT_ELBOW": [0.00620398810133338, 0.851402997970581, -0.4113743305206299], "LEFT_WRIST": [1.214573860168457, 0.8591392040252686, -0.6864542961120605], "RIGHT_WRIST": [-0.2494916021823883, 0.8156244158744812, -0.6132451295852661], "LEFT_PINKY": [1.2884082794189453, 0.8698802590370178, -0.7562602758407593], "RIGHT_PINKY": [-0.3059675097465515, 0.8007757067680359, -0.6923675537109375], "LEFT_INDEX": [1.2608745098114014, 0.8521863222122192, -0.8681330680847168], "RIGHT_INDEX": [-0.2840081751346588, 0.7741038203239441, -0.798713743686676], "LEFT_THUMB": [1.2289278507232666, 0.8640266060829163, -0.7659339308738708], "RIGHT_THUMB": [-0.26133987307548523, 0.7929658889770508, -0.6789700388908386], "LEFT_HIP": [0.6157496571540833, 1.6425033807754517, -0.07736249268054962], "RIGHT_HIP": [0.3391178846359253, 1.6411480903625488, 0.0801483765244484], "LEFT_KNEE": [0.6108154654502869, 2.2668793201446533, -0.10525071620941162], "RIGHT_KNEE": [0.3360593616962433, 2.256253480911255, 0.08501951396465302], "LEFT_ANKLE": [0.636902928352356, 2.8609392642974854, 0.5030726194381714], "RIGHT_ANKLE": [0.36559534072875977, 2.857055902481079, 0.47823983430862427], "LEFT_HEEL": [0.6423050761222839, 2.9449844360351562, 0.5243681073188782], "RIGHT_HEEL": [0.36877936124801636, 2.9384584426879883, 0.49490731954574585], "LEFT_FOOT_INDEX": [0.6200704574584961, 3.0219814777374268, -0.16666224598884583], "RIGHT_FOOT_INDEX": [0.39436590671539307, 3.0236806869506836, -0.21280407905578613]}, "Star": {"NOSE": [0.49892348051071167, 0.5939344167709351, -1.1034742593765259], "LEFT_EYE_INNER": [0.5313294529914856, 0.539434552192688, -1.0035669803619385], "LEFT_EYE": [0.5464378595352173, 0.5414503216743469, -1.0036981105804443], "LEFT_EYE_OUTER": [0.56081223487854, 0.5440685153007507, -1.0034290552139282], "RIGHT_EYE_INNER": [0.48152345418930054, 0.5374861359596252, -1.0110385417938232], "RIGHT_EYE": [0.4622337818145752, 0.5386826992034912, -1.0107357501983643], "RIGHT_EYE_OUTER": [0.44614630937576294, 0.5403506755828857, -1.0109755992889404], "LEFT_EAR": [0.5780578255653381, 0.5724682211875916, -0.4763818383216858], "RIGHT_EAR": [0.43008479475975037, 0.5696853399276733, -0.5077391862869263], "MOUTH_LEFT": [0.5275360941886902, 0.6635143160820007, -0.914993166923523], "MOUTH_RIGHT": [0.46608954668045044, 0.6576475501060486, -0.9242463111877441], "LEFT_SHOULDER": [0.7154244184494019, 0.8519008159637451, -0.4014646112918854], "RIGHT_SHOULDER": [0.28082460165023804, 0.8775759935379028, -0.26026466488838196], "LEFT_ELBOW": [0.9884871244430542, 0.6100298762321472, -1.1905077695846558], "RIGHT_ELBOW": [0.12997037172317505, 1.1191357374191284, -0.7675760388374329], "LEFT_WRIST": [0.7084800004959106, 0.2760036289691925, -1.6140323877334595], "RIGHT_WRIST": [0.09643091261386871, 1.4713139533996582, -1.7310302257537842], "LEFT_PINKY": [0.6232783198356628, 0.1880764663219452, -1.794390082359314], "RIGHT_PINKY": [0.057736195623874664, 1.5774497985839844, -1.9153616428375244], "LEFT_INDEX": [0.6036513447761536, 0.19965918362140656, -1.6605192422866821], "RIGHT_INDEX": [0.09777001291513443, 1.568184494972229, -1.978375792503357], "LEFT_THUMB": [0.6241567134857178, 0.24703656136989594, -1.5876543521881104], "RIGHT_THUMB": [0.12228359282016754, 1.5410020351409912, -1.7928006649017334], "LEFT_HIP": [0.6446542739868164, 1.7281957864761353, -0.07412952184677124], "RIGHT_HIP": [0.3568851053714752, 1.719641089439392, 0.0784052386879921], "LEFT_KNEE": [0.6348563432693481, 2.4338486194610596, -0.21404509246349335], "RIGHT_KNEE": [0.362336128950119, 2.4041340351104736, -0.13527461886405945], "LEFT_ANKLE": [0.6400622129440308, 3.056239604949951, 0.26829734444618225], "RIGHT_ANKLE": [0.3727119565010071, 3.031916379928589, 0.13019372522830963], "LEFT_HEEL": [0.6471779346466064, 3.1463799476623535, 0.271485835313797], "RIGHT_HEEL": [0.3692062795162201, 3.120072841644287, 0.13238827884197235], "LEFT_FOOT_INDEX": [0.5933609008789062, 3.2394261360168457, -0.42635807394981384], "RIGHT_FOOT_INDEX": [0.4123755395412445, 3.2287328243255615, -0.6026893854141235]}, "Goddess": {"NOSE": [0.495382696390152, 0.5984656810760498, -0.8547402620315552], "LEFT_EYE_INNER": [0.5181552171707153, 0.5351411700248718, -0.7783282995223999], "LEFT_EYE": [0.5344480276107788, 0.533126711845398, -0.7781690955162048],