{"Warrior 1": {"NOSE": [0.5154851675033569, 0.35118386149406433, -0.06418773531913757], "LEFT_EYE_INNER": [0.5196214318275452, 0.3365037739276886, -0.0644146278500557], "LEFT_EYE": [0.5224286317825317, 0.3352981209754944, -0.06440912932157516], "LEFT_EYE_OUTER": [0.5254455208778381, 0.3338412940502167, -0.06438092887401581], "RIGHT_EYE_INNER": [0.5137898325920105, 0.33855167031288147, -0.041414741426706314], "RIGHT_EYE": [0.5122923254966736, 0.3388696312904358, -0.04146086052060127], "RIGHT_EYE_OUTER": [0.5107766389846802, 0.33914172649383545, -0.041526079177856445], "LEFT_EAR": [0.5361711382865906, 0.3355341851711273, -0.05258658900856972], "RIGHT_EAR": [0.5160096287727356, 0.344036728143692, 0.05511883646249771], "MOUTH_LEFT": [0.5232594013214111, 0.3651201128959656, -0.06114894151687622], "MOUTH_RIGHT": [0.5151718854904175, 0.36698800325393677, -0.02982303872704506], "LEFT_SHOULDER": [0.5665744543075562, 0.4022219777107239, -0.11607368290424347], "RIGHT_SHOULDER": [0.5097953081130981, 0.41097477078437805, 0.11474590748548508], "LEFT_ELBOW": [0.527904748916626, 0.30234894156455994, -0.2282736748456955], "RIGHT_ELBOW": [0.47885340452194214, 0.3241541087627411, 0.16395209729671478], "LEFT_WRIST": [0.4924749732017517, 0.19350700080394745, -0.2019609957933426], "RIGHT_WRIST": [0.48571744561195374, 0.20843642950057983, 0.1444818526506424], "LEFT_PINKY": [0.4883658289909363, 0.16633020341396332, -0.22465869784355164], "RIGHT_PINKY": [0.4886797070503235, 0.1820002794265747, 0.11944427341222763], "LEFT_INDEX": [0.4905070960521698, 0.16439105570316315, -0.21828798949718475], "RIGHT_INDEX": [0.4910631477832794, 0.17793501913547516, 0.12383553385734558], "LEFT_THUMB": [0.4915764629840851, 0.17258712649345398, -0.20118628442287445], "RIGHT_THUMB": [0.4903005361557007, 0.18853230774402618, 0.1366799920797348], "LEFT_HIP": [0.5498296618461609, 0.6815312504768372, -0.06285031139850616], "RIGHT_HIP": [0.5023588538169861, 0.6684542298316956, 0.06265071034431458], "LEFT_KNEE": [0.5926799774169922, 0.8241071105003357, -0.04387933388352394], "RIGHT_KNEE": [0.43224456906318665, 0.7581264972686768, -0.09121957421302795], "LEFT_ANKLE": [0.6796476244926453, 0.9050899147987366, 0.0555589534342289], "RIGHT_ANKLE": [0.413437157869339, 0.9245135188102722, -0.03971119970083237], "LEFT_HEEL": [0.6994178891181946, 0.9098675847053528, 0.059839390218257904], "RIGHT_HEEL": [0.4240475594997406, 0.9489032030105591, -0.03989595174789429], "LEFT_FOOT_INDEX": [0.6682567000389099, 0.9552426934242249, -0.059854283928871155], "RIGHT_FOOT_INDEX": [0.37121227383613586, 0.9573422074317932, -0.12693433463573456]}, "Warrior 2": {"NOSE": [0.5237036943435669, 0.31092125177383423, -0.2295338213443756], "LEFT_EYE_INNER": [0.5286559462547302, 0.29288849234580994, -0.2131192684173584], "LEFT_EYE": [0.5321723222732544, 0.29257333278656006, -0.21315781772136688], "LEFT_EYE_OUTER": [0.5346890091896057, 0.2925136387348175, -0.21320205926895142], "RIGHT_EYE_INNER": [0.5185950994491577, 0.2946752905845642, -0.21103712916374207], "RIGHT_EYE": [0.5151642560958862, 0.29543110728263855, -0.21109770238399506], "RIGHT_EYE_OUTER": [0.512132465839386, 0.2964581847190857, -0.21107426285743713], "LEFT_EAR": [0.5414563417434692, 0.3008498549461365, -0.11415192484855652], "RIGHT_EAR": [0.5074925422668457, 0.30639219284057617, -0.10044486820697784], "MOUTH_LEFT": [0.5313488245010376, 0.32882702350616455, -0.19262515008449554], "MOUTH_RIGHT": [0.5189761519432068, 0.33026936650276184, -0.18874727189540863], "LEFT_SHOULDER": [0.5758040547370911, 0.38899490237236023, -0.07817315310239792], "RIGHT_SHOULDER": [0.48079821467399597, 0.38883891701698303, -0.02221246249973774], "LEFT_ELBOW": [0.6497182250022888, 0.4221659004688263, -0.09888517111539841], "RIGHT_ELBOW": [0.4163896441459656, 0.40683311223983765, -0.011278143152594566], "LEFT_WRIST": [0.7230334877967834, 0.4329274296760559, -0.20817452669143677], "RIGHT_WRIST": [0.35015806555747986, 0.39767444133758545, -0.12628470361232758], "LEFT_PINKY": [0.7426431179046631, 0.436594158411026, -0.22898374497890472], "RIGHT_PINKY": [0.3298460841178894, 0.3945349156856537, -0.15184606611728668], "LEFT_INDEX": [0.7448218464851379, 0.43333297967910767, -0.2647511065006256], "RIGHT_INDEX": [0.32870686054229736, 0.39133551716804504, -0.1860680729150772], "LEFT_THUMB": [0.7361211180686951, 0.4335605204105377, -0.2279118448495865], "RIGHT_THUMB": [0.33564502000808716, 0.39451026916503906, -0.14723506569862366], "LEFT_HIP": [0.5588172078132629, 0.6506075263023376, -0.03995778039097786], "RIGHT_HIP": [0.5030208230018616, 0.6432861089706421, 0.03996236249804497], "LEFT_KNEE": [0.6038820743560791, 0.7984837293624878, -0.0838644877076149], "RIGHT_KNEE": [0.4253111183643341, 0.7458758354187012, -0.12862543761730194], "LEFT_ANKLE": [0.6636266112327576, 0.917792558670044, 0.042638786137104034], "RIGHT_ANKLE": [0.4427650570869446, 0.9206710457801819, -0.006849211640655994], "LEFT_HEEL": [0.6770160794258118, 0.9371870756149292, 0.04852727800607681], "RIGHT_HEEL": [0.45621028542518616, 0.948300302028656, -0.0003130055556539446], "LEFT_FOOT_INDEX": [0.6469860672950745, 0.9517964720726013, -0.08150778710842133], "RIGHT_FOOT_INDEX": [0.40550193190574646, 0.9638808369636536, -0.1001000627875328]}, "Star": {"NOSE": [0.556318461894989, 0.250182181596756, -0.32256850600242615], "LEFT_EYE_INNER": [0.5613762140274048, 0.23624396324157715, -0.3069566786289215], "LEFT_EYE": [0.5639950633049011, 0.2364235371351242, -0.30701208114624023], "LEFT_EYE_OUTER": [0.5671343207359314, 0.23658624291419983, -0.3070988357067108], "RIGHT_EYE_INNER": [0.5509396195411682, 0.23734815418720245, -0.3062514066696167], "RIGHT_EYE": [0.5470141768455505, 0.23826415836811066, -0.3063245415687561], "RIGHT_EYE_OUTER": [0.5435414910316467, 0.23941387236118317, -0.30629590153694153], "LEFT_EAR": [0.5727755427360535, 0.24634170532226562, -0.20213931798934937], "RIGHT_EAR": [0.5383938550949097, 0.24991475045681, -0.19722682237625122], "MOUTH_LEFT": [0.5629953145980835, 0.2697501480579376, -0.2833022475242615], "MOUTH_RIGHT": [0.550129771232605, 0.2697800099849701, -0.28189992904663086], "LEFT_SHOULDER": [0.6033200621604919, 0.3355034291744232, -0.14550285041332245], "RIGHT_SHOULDER": [0.5099119544029236, 0.3336063623428345, -0.11315204948186874], "LEFT_ELBOW": [0.6715860962867737, 0.36601269245147705, -0.1563260853290558], "RIGHT_ELBOW": [0.44382980465888977, 0.3569069504737854, -0.10011026263237], "LEFT_WRIST": [0.7391641736030579, 0.36934980750083923, -0.26011961698532104], "RIGHT_WRIST": [0.3780197501182556, 0.35065892338752747, -0.19655126333236694], "LEFT_PINKY": [0.7578461766242981, 0.3720592260360718, -0.2851361334323883], "RIGHT_PINKY": [0.35598933696746826, 0.3531512916088104, -0.21825119853019714], "LEFT_INDEX": [0.7603176236152649, 0.3673781454563141, -0.32245054841041565], "RIGHT_INDEX": [0.35365211963653564, 0.35065627098083496, -0.2590051293373108], "LEFT_THUMB": [0.7529059648513794, 0.3687905967235565, -0.2804202735424042], "RIGHT_THUMB": [0.3615339994430542, 0.35080084204673767, -0.2187650203704834], "LEFT_HIP": [0.586111307144165, 0.5864312052726746, -0.017452238127589226], "RIGHT_HIP": [0.5271532535552979, 0.5907498598098755, 0.01747952774167061], "LEFT_KNEE": [0.6137232184410095, 0.7627660036087036, -0.006339928600937128], "RIGHT_KNEE": [0.48516854643821716, 0.7529520392417908, 0.050158727914094925], "LEFT_ANKLE": [0.64706951379776, 0.9182876348495483, 0.12220832705497742], "RIGHT_ANKLE": [0.45400184392929077, 0.8965862393379211, 0.1809806525707245], "LEFT_HEEL": [0.6448647975921631, 0.9425367116928101, 0.12689295411109924], "RIGHT_HEEL": [0.4596358835697174, 0.914766788482666, 0.18645885586738586], "LEFT_FOOT_INDEX": [0.6556957960128784, 0.9662977457046509, 0.00304333190433681], "RIGHT_FOOT_INDEX": [0.4261760711669922, 0.9446479678153992, 0.07312045991420746]}, "Goddess": {"NOSE": [0.5448707938194275, 0.4814649820327759, -0.27977603673934937],