{"Warrior 1": {"NOSE": [0.4982145428657532, 0.7714080810546875, -1.491297960281372], "LEFT_EYE_INNER": [0.5277524590492249, 0.7005509734153748, -1.4750618934631348], "LEFT_EYE": [0.5427260994911194, 0.6988528370857239, -1.4753146171569824], "LEFT_EYE_OUTER": [0.5565801858901978, 0.6974074244499207, -1.475799560546875], "RIGHT_EYE_INNER": [0.477664053440094, 0.6955233812332153, -1.4895132780075073], "RIGHT_EYE": [0.4573422074317932, 0.6895838975906372, -1.4893747568130493], "RIGHT_EYE_OUTER": [0.4373978078365326, 0.683060348033905, -1.4897719621658325], "LEFT_EAR": [0.5759888291358948, 0.6827676296234131, -1.0732029676437378], "RIGHT_EAR": [0.40517696738243103, 0.656566321849823, -1.1234476566314697], "MOUTH_LEFT": [0.5200533866882324, 0.8166258335113525, -1.3093540668487549], "MOUTH_RIGHT": [0.4636124074459076, 0.8167629837989807, -1.3252155780792236], "LEFT_SHOULDER": [0.6988531947135925, 0.9004575610160828, -0.6235693693161011], "RIGHT_SHOULDER": [0.2581225335597992, 0.9068424105644226, -0.6890125870704651], "LEFT_ELBOW": [0.8739894032478333, 1.1499693393707275, -0.41212186217308044], "RIGHT_ELBOW": [0.190455824136734, 1.2685065269470215, -0.4733366370201111], "LEFT_WRIST": [0.9063405990600586, 1.4612528085708618, -0.6567088961601257], "RIGHT_WRIST": [0.17597652971744537, 1.5543965101242065, -0.79377281665802], "LEFT_PINKY": [0.9379605054855347, 1.564522385597229, -0.7122761607170105], "RIGHT_PINKY": [0.15471580624580383, 1.6497972011566162, -0.8957661390304565], "LEFT_INDEX": [0.9043989181518555, 1.56978178024292, -0.8099607229232788], "RIGHT_INDEX": [0.17833387851715088, 1.6486480236053467, -0.9991644620895386], "LEFT_THUMB": [0.8807231187820435, 1.5325751304626465, -0.7042790651321411], "RIGHT_THUMB": [0.19656331837177277, 1.6078029870986938, -0.8483317494392395], "LEFT_HIP": [0.6061996221542358, 1.5833830833435059, -0.02165248990058899], "RIGHT_HIP": [0.33384591341018677, 1.5929852724075317, 0.025029372423887253], "LEFT_KNEE": [0.62872713804245, 2.1588566303253174, -0.1517416536808014], "RIGHT_KNEE": [0.3841779828071594, 2.1589667797088623, -0.26242202520370483], "LEFT_ANKLE": [0.6433557271957397, 2.699580430984497, 0.25745487213134766], "RIGHT_ANKLE": [0.4027600884437561, 2.7108497619628906, -0.04900198057293892], "LEFT_HEEL": [0.647219717502594, 2.787368059158325, 0.26712554693222046], "RIGHT_HEEL": [0.4046630859375, 2.8050990104675293, -0.051792602986097336], "LEFT_FOOT_INDEX": [0.6024234294891357, 2.889002799987793, -0.3036448359489441], "RIGHT_FOOT_INDEX": [0.4419749677181244, 2.87701153755188, -0.6739709973335266]}, "Warrior 2": {"NOSE": [0.46276503801345825, 0.6501771211624146, -0.6877609491348267], "LEFT_EYE_INNER": [0.49174633622169495, 0.6139994263648987, -0.6667734384536743], "LEFT_EYE": [0.5057970285415649, 0.617328941822052, -0.6672329306602478], "LEFT_EYE_OUTER": [0.5205008387565613, 0.6217161417007446, -0.6673599481582642], "RIGHT_EYE_INNER": [0.4620199203491211, 0.6056181788444519, -0.6327061057090759], "RIGHT_EYE": [0.45533451437950134, 0.6030355095863342, -0.6327835917472839], "RIGHT_EYE_OUTER": [0.4497407078742981, 0.6004608869552612, -0.6332419514656067], "LEFT_EAR": [0.5517159104347229, 0.6551516652107239, -0.4226394593715668], "RIGHT_EAR": [0.4587143361568451, 0.6238037347793579, -0.2634233832359314], "MOUTH_LEFT": [0.4856608808040619, 0.7020424008369446, -0.5886670351028442], "MOUTH_RIGHT": [0.4516748785972595, 0.6910164952278137, -0.5460963249206543], "LEFT_SHOULDER": [0.6452680826187134, 0.8851478099822998, -0.37003427743911743], "RIGHT_SHOULDER": [0.3796694874763489, 0.8870192170143127, 0.006012513302266598], "LEFT_ELBOW": [0.6814680695533752, 1.1504379510879517, -0.5978025794029236], "RIGHT_ELBOW": [0.22628119587898254, 0.959138035774231, -0.3158625364303589], "LEFT_WRIST": [0.5816882252693176, 1.283974051475525, -0.8840032815933228], "RIGHT_WRIST": [0.10922051966190338, 0.9370426535606384, -1.233100175857544], "LEFT_PINKY": [0.5619226098060608, 1.353621006011963, -0.9726079702377319], "RIGHT_PINKY": [0.06342653930187225, 0.9203011989593506, -1.3847441673278809], "LEFT_INDEX": [0.5419095158576965, 1.3177775144577026, -1.0003712177276611], "RIGHT_INDEX": [0.07854572683572769, 0.9137891530990601, -1.4332640171051025], "LEFT_THUMB": [0.5440145134925842, 1.292117714881897, -0.9013906717300415], "RIGHT_THUMB": [0.10254885256290436, 0.9256154298782349, -1.2906005382537842], "LEFT_HIP": [0.6084274053573608, 1.5161861181259155, -0.11802347749471664], "RIGHT_HIP": [0.4121021330356598, 1.4894872903823853, 0.12083999067544937], "LEFT_KNEE": [0.581470251083374, 1.9207898378372192, -0.31039923429489136], "RIGHT_KNEE": [0.4090828001499176, 1.8716387748718262, -0.14977781474590302], "LEFT_ANKLE": [0.6022816896438599, 2.380457878112793, -0.048686593770980835], "RIGHT_ANKLE": [0.4108414053916931, 2.3445024490356445, -0.06068938970565796], "LEFT_HEEL": [0.6165251731872559, 2.4592742919921875, -0.05113620683550835], "RIGHT_HEEL": [0.41571950912475586, 2.420301914215088, -0.06991006433963776], "LEFT_FOOT_INDEX": [0.554844081401825, 2.4792380332946777, -0.5061036944389343], "RIGHT_FOOT_INDEX": [0.3933350443840027, 2.4575114250183105, -0.5151397585868835]}, "Star": {"NOSE": [0.5185402035713196, 0.6839067339897156, -0.7555906176567078], "LEFT_EYE_INNER": [0.5328955054283142, 0.6389952301979065, -0.7062596678733826], "LEFT_EYE": [0.5422043204307556, 0.6404419541358948, -0.7065460681915283], "LEFT_EYE_OUTER": [0.5514727830886841, 0.6426317691802979, -0.7067514061927795], "RIGHT_EYE_INNER": [0.49796968698501587, 0.6344699859619141, -0.7156158685684204], "RIGHT_EYE": [0.48340684175491333, 0.6329820156097412, -0.7152475118637085], "RIGHT_EYE_OUTER": [0.47042927145957947, 0.6320361495018005, -0.7155954837799072], "LEFT_EAR": [0.5608179569244385, 0.6620309352874756, -0.37782007455825806], "RIGHT_EAR": [0.44776830077171326, 0.6514183282852173, -0.4063097834587097], "MOUTH_LEFT": [0.5358648300170898, 0.7273075580596924, -0.6315252184867859], "MOUTH_RIGHT": [0.4902321696281433, 0.7244991064071655, -0.6401066780090332], "LEFT_SHOULDER": [0.6666227579116821, 0.8940030932426453, -0.2010554075241089], "RIGHT_SHOULDER": [0.34111446142196655, 0.926888644695282, -0.27763980627059937], "LEFT_ELBOW": [0.7485355734825134, 1.1791919469833374, -0.24903495609760284], "RIGHT_ELBOW": [0.31350183486938477, 1.2567185163497925, -0.4108237624168396], "LEFT_WRIST": [0.7408331632614136, 1.438457727432251, -0.5883938074111938], "RIGHT_WRIST": [0.29831692576408386, 1.4701372385025024, -1.0016562938690186], "LEFT_PINKY": [0.7601677179336548, 1.533683180809021, -0.6853322386741638], "RIGHT_PINKY": [0.2713688313961029, 1.5513914823532104, -1.1396348476409912], "LEFT_INDEX": [0.7247432470321655, 1.5374191999435425, -0.7448659539222717], "RIGHT_INDEX": [0.30291593074798584, 1.5474135875701904, -1.2127845287322998], "LEFT_THUMB": [0.7091059684753418, 1.5033515691757202, -0.6276819109916687], "RIGHT_THUMB": [0.32096415758132935, 1.5133585929870605, -1.0519042015075684], "LEFT_HIP": [0.6338205337524414, 1.4911328554153442, -0.03625277429819107], "RIGHT_HIP": [0.4136573374271393, 1.5098716020584106, 0.039616674184799194], "LEFT_KNEE": [0.6465204954147339, 1.967077374458313, 0.019083835184574127], "RIGHT_KNEE": [0.44534364342689514, 1.9803825616836548, 0.0596061646938324], "LEFT_ANKLE": [0.6576039791107178, 2.4012272357940674, 0.49933791160583496], "RIGHT_ANKLE": [0.4639183580875397, 2.405625820159912, 0.4074806272983551], "LEFT_HEEL": [0.6630135774612427, 2.4717183113098145, 0.5197008848190308], "RIGHT_HEEL": [0.4623172879219055, 2.477006435394287, 0.4266742169857025], "LEFT_FOOT_INDEX": [0.6301901340484619, 2.536360025405884, 0.06065019220113754], "RIGHT_FOOT_INDEX": [0.4997187554836273, 2.5326435565948486, -0.06749916821718216]}, "Goddess": {"NOSE": [0.6019780039787292, 0.6519282460212708, -0.5754615068435669], "LEFT_EYE_INNER": [0.5929750800132751, 0.6115924715995789, -0.5136057734489441], "LEFT_EYE": [0.5957757234573364, 0.6118255853652954, -0.5138797760009766],